,comuna,year,fecha_semestre,semestre,poblacion_comunal,tasa_comunal,objetivo_comunal,poblacion_total,tasa_Total,objetivo_total
0,Comuna 1,2016,2016-06-30,1,252053,4.761,,3059122,2.059,
1,Comuna 1,2016,2016-06-30,1,252053,4.761,,3059122,2.059,
2,Comuna 1,2016,2016-06-30,1,252053,4.761,,3059122,2.059,
3,Comuna 1,2016,2016-06-30,1,252053,4.761,,3059122,2.059,
4,Comuna 1,2016,2016-06-30,1,252053,4.761,,3059122,2.059,
5,Comuna 1,2016,2016-06-30,1,252053,4.761,,3059122,2.059,
6,Comuna 1,2016,2016-06-30,1,252053,4.761,,3059122,2.059,
7,Comuna 1,2016,2016-06-30,1,252053,4.761,,3059122,2.059,
8,Comuna 1,2016,2016-06-30,1,252053,4.761,,3059122,2.059,
9,Comuna 1,2016,2016-06-30,1,252053,4.761,,3059122,2.059,
10,Comuna 1,2016,2016-06-30,1,252053,4.761,,3059122,2.059,
11,Comuna 1,2016,2016-06-30,1,252053,4.761,,3059122,2.059,
12,Comuna 10,2016,2016-06-30,1,170163,1.763,,3059122,2.059,
13,Comuna 10,2016,2016-06-30,1,170163,1.763,,3059122,2.059,
14,Comuna 10,2016,2016-06-30,1,170163,1.763,,3059122,2.059,
15,Comuna 11,2016,2016-06-30,1,189956,0.526,,3059122,2.059,
16,Comuna 12,2016,2016-06-30,1,213576,1.873,,3059122,2.059,
17,Comuna 12,2016,2016-06-30,1,213576,1.873,,3059122,2.059,
18,Comuna 12,2016,2016-06-30,1,213576,1.873,,3059122,2.059,
19,Comuna 12,2016,2016-06-30,1,213576,1.873,,3059122,2.059,
20,Comuna 13,2016,2016-06-30,1,235819,0.848,,3059122,2.059,
21,Comuna 13,2016,2016-06-30,1,235819,0.848,,3059122,2.059,
22,Comuna 14,2016,2016-06-30,1,226884,0.882,,3059122,2.059,
23,Comuna 14,2016,2016-06-30,1,226884,0.882,,3059122,2.059,
24,Comuna 15,2016,2016-06-30,1,182390,1.645,,3059122,2.059,
25,Comuna 15,2016,2016-06-30,1,182390,1.645,,3059122,2.059,
26,Comuna 15,2016,2016-06-30,1,182390,1.645,,3059122,2.059,
27,Comuna 2,2016,2016-06-30,1,149848,0.667,,3059122,2.059,
28,Comuna 3,2016,2016-06-30,1,192573,2.077,,3059122,2.059,
29,Comuna 3,2016,2016-06-30,1,192573,2.077,,3059122,2.059,
30,Comuna 3,2016,2016-06-30,1,192573,2.077,,3059122,2.059,
31,Comuna 3,2016,2016-06-30,1,192573,2.077,,3059122,2.059,
32,Comuna 4,2016,2016-06-30,1,238303,2.937,,3059122,2.059,
33,Comuna 4,2016,2016-06-30,1,238303,2.937,,3059122,2.059,
34,Comuna 4,2016,2016-06-30,1,238303,2.937,,3059122,2.059,
35,Comuna 4,2016,2016-06-30,1,238303,2.937,,3059122,2.059,
36,Comuna 4,2016,2016-06-30,1,238303,2.937,,3059122,2.059,
37,Comuna 4,2016,2016-06-30,1,238303,2.937,,3059122,2.059,
38,Comuna 4,2016,2016-06-30,1,238303,2.937,,3059122,2.059,
39,Comuna 6,2016,2016-06-30,1,184611,1.083,,3059122,2.059,
40,Comuna 6,2016,2016-06-30,1,184611,1.083,,3059122,2.059,
41,Comuna 7,2016,2016-06-30,1,240116,2.082,,3059122,2.059,
42,Comuna 7,2016,2016-06-30,1,240116,2.082,,3059122,2.059,
43,Comuna 7,2016,2016-06-30,1,240116,2.082,,3059122,2.059,
44,Comuna 7,2016,2016-06-30,1,240116,2.082,,3059122,2.059,
45,Comuna 7,2016,2016-06-30,1,240116,2.082,,3059122,2.059,
46,Comuna 8,2016,2016-06-30,1,225737,5.759,,3059122,2.059,
47,Comuna 8,2016,2016-06-30,1,225737,5.759,,3059122,2.059,
48,Comuna 8,2016,2016-06-30,1,225737,5.759,,3059122,2.059,
49,Comuna 8,2016,2016-06-30,1,225737,5.759,,3059122,2.059,
50,Comuna 8,2016,2016-06-30,1,225737,5.759,,3059122,2.059,
51,Comuna 8,2016,2016-06-30,1,225737,5.759,,3059122,2.059,
52,Comuna 8,2016,2016-06-30,1,225737,5.759,,3059122,2.059,
53,Comuna 8,2016,2016-06-30,1,225737,5.759,,3059122,2.059,
54,Comuna 8,2016,2016-06-30,1,225737,5.759,,3059122,2.059,
55,Comuna 8,2016,2016-06-30,1,225737,5.759,,3059122,2.059,
56,Comuna 8,2016,2016-06-30,1,225737,5.759,,3059122,2.059,
57,Comuna 8,2016,2016-06-30,1,225737,5.759,,3059122,2.059,
58,Comuna 8,2016,2016-06-30,1,225737,5.759,,3059122,2.059,
59,Comuna 9,2016,2016-06-30,1,170353,2.348,,3059122,2.059,
60,Comuna 9,2016,2016-06-30,1,170353,2.348,,3059122,2.059,
61,Comuna 9,2016,2016-06-30,1,170353,2.348,,3059122,2.059,
62,Comuna 9,2016,2016-06-30,1,170353,2.348,,3059122,2.059,
63,Comuna 1,2016,2016-12-31,2,252053,3.967,4.285,3059122,2.517,1.853
64,Comuna 1,2016,2016-12-31,2,252053,3.967,4.285,3059122,2.517,1.853
65,Comuna 1,2016,2016-12-31,2,252053,3.967,4.285,3059122,2.517,1.853
66,Comuna 1,2016,2016-12-31,2,252053,3.967,4.285,3059122,2.517,1.853
67,Comuna 1,2016,2016-12-31,2,252053,3.967,4.285,3059122,2.517,1.853
68,Comuna 1,2016,2016-12-31,2,252053,3.967,4.285,3059122,2.517,1.853
69,Comuna 1,2016,2016-12-31,2,252053,3.967,4.285,3059122,2.517,1.853
70,Comuna 1,2016,2016-12-31,2,252053,3.967,4.285,3059122,2.517,1.853
71,Comuna 1,2016,2016-12-31,2,252053,3.967,4.285,3059122,2.517,1.853
72,Comuna 1,2016,2016-12-31,2,252053,3.967,4.285,3059122,2.517,1.853
73,Comuna 10,2016,2016-12-31,2,170163,1.763,1.587,3059122,2.517,1.853
74,Comuna 10,2016,2016-12-31,2,170163,1.763,1.587,3059122,2.517,1.853
75,Comuna 10,2016,2016-12-31,2,170163,1.763,1.587,3059122,2.517,1.853
76,Comuna 11,2016,2016-12-31,2,189956,2.632,0.474,3059122,2.517,1.853
77,Comuna 11,2016,2016-12-31,2,189956,2.632,0.474,3059122,2.517,1.853
78,Comuna 11,2016,2016-12-31,2,189956,2.632,0.474,3059122,2.517,1.853
79,Comuna 11,2016,2016-12-31,2,189956,2.632,0.474,3059122,2.517,1.853
80,Comuna 11,2016,2016-12-31,2,189956,2.632,0.474,3059122,2.517,1.853
81,Comuna 12,2016,2016-12-31,2,213576,2.809,1.686,3059122,2.517,1.853
82,Comuna 12,2016,2016-12-31,2,213576,2.809,1.686,3059122,2.517,1.853
83,Comuna 12,2016,2016-12-31,2,213576,2.809,1.686,3059122,2.517,1.853
84,Comuna 12,2016,2016-12-31,2,213576,2.809,1.686,3059122,2.517,1.853
85,Comuna 12,2016,2016-12-31,2,213576,2.809,1.686,3059122,2.517,1.853
86,Comuna 12,2016,2016-12-31,2,213576,2.809,1.686,3059122,2.517,1.853
87,Comuna 13,2016,2016-12-31,2,235819,2.12,0.763,3059122,2.517,1.853
88,Comuna 13,2016,2016-12-31,2,235819,2.12,0.763,3059122,2.517,1.853
89,Comuna 13,2016,2016-12-31,2,235819,2.12,0.763,3059122,2.517,1.853
90,Comuna 13,2016,2016-12-31,2,235819,2.12,0.763,3059122,2.517,1.853
91,Comuna 13,2016,2016-12-31,2,235819,2.12,0.763,3059122,2.517,1.853
92,Comuna 14,2016,2016-12-31,2,226884,3.085,0.793,3059122,2.517,1.853
93,Comuna 14,2016,2016-12-31,2,226884,3.085,0.793,3059122,2.517,1.853
94,Comuna 14,2016,2016-12-31,2,226884,3.085,0.793,3059122,2.517,1.853
95,Comuna 14,2016,2016-12-31,2,226884,3.085,0.793,3059122,2.517,1.853
96,Comuna 14,2016,2016-12-31,2,226884,3.085,0.793,3059122,2.517,1.853
97,Comuna 14,2016,2016-12-31,2,226884,3.085,0.793,3059122,2.517,1.853
98,Comuna 14,2016,2016-12-31,2,226884,3.085,0.793,3059122,2.517,1.853
99,Comuna 15,2016,2016-12-31,2,182390,2.741,1.48,3059122,2.517,1.853
100,Comuna 15,2016,2016-12-31,2,182390,2.741,1.48,3059122,2.517,1.853
101,Comuna 15,2016,2016-12-31,2,182390,2.741,1.48,3059122,2.517,1.853
102,Comuna 15,2016,2016-12-31,2,182390,2.741,1.48,3059122,2.517,1.853
103,Comuna 15,2016,2016-12-31,2,182390,2.741,1.48,3059122,2.517,1.853
104,Comuna 3,2016,2016-12-31,2,192573,2.077,1.869,3059122,2.517,1.853
105,Comuna 3,2016,2016-12-31,2,192573,2.077,1.869,3059122,2.517,1.853
106,Comuna 3,2016,2016-12-31,2,192573,2.077,1.869,3059122,2.517,1.853
107,Comuna 3,2016,2016-12-31,2,192573,2.077,1.869,3059122,2.517,1.853
108,Comuna 4,2016,2016-12-31,2,238303,3.357,2.644,3059122,2.517,1.853
109,Comuna 4,2016,2016-12-31,2,238303,3.357,2.644,3059122,2.517,1.853
110,Comuna 4,2016,2016-12-31,2,238303,3.357,2.644,3059122,2.517,1.853
111,Comuna 4,2016,2016-12-31,2,238303,3.357,2.644,3059122,2.517,1.853
112,Comuna 4,2016,2016-12-31,2,238303,3.357,2.644,3059122,2.517,1.853
113,Comuna 4,2016,2016-12-31,2,238303,3.357,2.644,3059122,2.517,1.853
114,Comuna 4,2016,2016-12-31,2,238303,3.357,2.644,3059122,2.517,1.853
115,Comuna 4,2016,2016-12-31,2,238303,3.357,2.644,3059122,2.517,1.853
116,Comuna 5,2016,2016-12-31,2,186740,1.607,,3059122,2.517,1.853
117,Comuna 5,2016,2016-12-31,2,186740,1.607,,3059122,2.517,1.853
118,Comuna 5,2016,2016-12-31,2,186740,1.607,,3059122,2.517,1.853
119,Comuna 6,2016,2016-12-31,2,184611,0.542,0.975,3059122,2.517,1.853
120,Comuna 7,2016,2016-12-31,2,240116,2.082,1.874,3059122,2.517,1.853
121,Comuna 7,2016,2016-12-31,2,240116,2.082,1.874,3059122,2.517,1.853
122,Comuna 7,2016,2016-12-31,2,240116,2.082,1.874,3059122,2.517,1.853
123,Comuna 7,2016,2016-12-31,2,240116,2.082,1.874,3059122,2.517,1.853
124,Comuna 7,2016,2016-12-31,2,240116,2.082,1.874,3059122,2.517,1.853
125,Comuna 8,2016,2016-12-31,2,225737,3.101,5.183,3059122,2.517,1.853
126,Comuna 8,2016,2016-12-31,2,225737,3.101,5.183,3059122,2.517,1.853
127,Comuna 8,2016,2016-12-31,2,225737,3.101,5.183,3059122,2.517,1.853
128,Comuna 8,2016,2016-12-31,2,225737,3.101,5.183,3059122,2.517,1.853
129,Comuna 8,2016,2016-12-31,2,225737,3.101,5.183,3059122,2.517,1.853
130,Comuna 8,2016,2016-12-31,2,225737,3.101,5.183,3059122,2.517,1.853
131,Comuna 8,2016,2016-12-31,2,225737,3.101,5.183,3059122,2.517,1.853
132,Comuna 9,2016,2016-12-31,2,170353,4.696,2.113,3059122,2.517,1.853
133,Comuna 9,2016,2016-12-31,2,170353,4.696,2.113,3059122,2.517,1.853
134,Comuna 9,2016,2016-12-31,2,170353,4.696,2.113,3059122,2.517,1.853
135,Comuna 9,2016,2016-12-31,2,170353,4.696,2.113,3059122,2.517,1.853
136,Comuna 9,2016,2016-12-31,2,170353,4.696,2.113,3059122,2.517,1.853
137,Comuna 9,2016,2016-12-31,2,170353,4.696,2.113,3059122,2.517,1.853
138,Comuna 9,2016,2016-12-31,2,170353,4.696,2.113,3059122,2.517,1.853
139,Comuna 9,2016,2016-12-31,2,170353,4.696,2.113,3059122,2.517,1.853
140,Comuna 1,2017,2017-06-30,1,253271,4.343,3.571,3063728,1.991,2.265
141,Comuna 1,2017,2017-06-30,1,253271,4.343,3.571,3063728,1.991,2.265
142,Comuna 1,2017,2017-06-30,1,253271,4.343,3.571,3063728,1.991,2.265
143,Comuna 1,2017,2017-06-30,1,253271,4.343,3.571,3063728,1.991,2.265
144,Comuna 1,2017,2017-06-30,1,253271,4.343,3.571,3063728,1.991,2.265
145,Comuna 1,2017,2017-06-30,1,253271,4.343,3.571,3063728,1.991,2.265
146,Comuna 1,2017,2017-06-30,1,253271,4.343,3.571,3063728,1.991,2.265
147,Comuna 1,2017,2017-06-30,1,253271,4.343,3.571,3063728,1.991,2.265
148,Comuna 1,2017,2017-06-30,1,253271,4.343,3.571,3063728,1.991,2.265
149,Comuna 1,2017,2017-06-30,1,253271,4.343,3.571,3063728,1.991,2.265
150,Comuna 1,2017,2017-06-30,1,253271,4.343,3.571,3063728,1.991,2.265
151,Comuna 10,2017,2017-06-30,1,170282,1.175,1.587,3063728,1.991,2.265
152,Comuna 10,2017,2017-06-30,1,170282,1.175,1.587,3063728,1.991,2.265
153,Comuna 11,2017,2017-06-30,1,189986,1.579,2.369,3063728,1.991,2.265
154,Comuna 11,2017,2017-06-30,1,189986,1.579,2.369,3063728,1.991,2.265
155,Comuna 11,2017,2017-06-30,1,189986,1.579,2.369,3063728,1.991,2.265
156,Comuna 12,2017,2017-06-30,1,213914,2.337,2.528,3063728,1.991,2.265
157,Comuna 12,2017,2017-06-30,1,213914,2.337,2.528,3063728,1.991,2.265
158,Comuna 12,2017,2017-06-30,1,213914,2.337,2.528,3063728,1.991,2.265
159,Comuna 12,2017,2017-06-30,1,213914,2.337,2.528,3063728,1.991,2.265
160,Comuna 12,2017,2017-06-30,1,213914,2.337,2.528,3063728,1.991,2.265
161,Comuna 13,2017,2017-06-30,1,235967,0.424,1.908,3063728,1.991,2.265
162,Comuna 14,2017,2017-06-30,1,226944,1.763,2.777,3063728,1.991,2.265
163,Comuna 14,2017,2017-06-30,1,226944,1.763,2.777,3063728,1.991,2.265
164,Comuna 14,2017,2017-06-30,1,226944,1.763,2.777,3063728,1.991,2.265
165,Comuna 14,2017,2017-06-30,1,226944,1.763,2.777,3063728,1.991,2.265
166,Comuna 15,2017,2017-06-30,1,182409,1.096,2.467,3063728,1.991,2.265
167,Comuna 15,2017,2017-06-30,1,182409,1.096,2.467,3063728,1.991,2.265
168,Comuna 2,2017,2017-06-30,1,149720,2.004,0.601,3063728,1.991,2.265
169,Comuna 2,2017,2017-06-30,1,149720,2.004,0.601,3063728,1.991,2.265
170,Comuna 2,2017,2017-06-30,1,149720,2.004,0.601,3063728,1.991,2.265
171,Comuna 3,2017,2017-06-30,1,192763,1.556,1.869,3063728,1.991,2.265
172,Comuna 3,2017,2017-06-30,1,192763,1.556,1.869,3063728,1.991,2.265
173,Comuna 3,2017,2017-06-30,1,192763,1.556,1.869,3063728,1.991,2.265
174,Comuna 4,2017,2017-06-30,1,238809,2.931,3.021,3063728,1.991,2.265
175,Comuna 4,2017,2017-06-30,1,238809,2.931,3.021,3063728,1.991,2.265
176,Comuna 4,2017,2017-06-30,1,238809,2.931,3.021,3063728,1.991,2.265
177,Comuna 4,2017,2017-06-30,1,238809,2.931,3.021,3063728,1.991,2.265
178,Comuna 4,2017,2017-06-30,1,238809,2.931,3.021,3063728,1.991,2.265
179,Comuna 4,2017,2017-06-30,1,238809,2.931,3.021,3063728,1.991,2.265
180,Comuna 4,2017,2017-06-30,1,238809,2.931,3.021,3063728,1.991,2.265
181,Comuna 5,2017,2017-06-30,1,186956,0.535,1.446,3063728,1.991,2.265
182,Comuna 6,2017,2017-06-30,1,184846,1.623,0.488,3063728,1.991,2.265
183,Comuna 6,2017,2017-06-30,1,184846,1.623,0.488,3063728,1.991,2.265
184,Comuna 6,2017,2017-06-30,1,184846,1.623,0.488,3063728,1.991,2.265
185,Comuna 7,2017,2017-06-30,1,240607,1.662,1.874,3063728,1.991,2.265
186,Comuna 7,2017,2017-06-30,1,240607,1.662,1.874,3063728,1.991,2.265
187,Comuna 7,2017,2017-06-30,1,240607,1.662,1.874,3063728,1.991,2.265
188,Comuna 7,2017,2017-06-30,1,240607,1.662,1.874,3063728,1.991,2.265
189,Comuna 8,2017,2017-06-30,1,226649,2.647,2.791,3063728,1.991,2.265
190,Comuna 8,2017,2017-06-30,1,226649,2.647,2.791,3063728,1.991,2.265
191,Comuna 8,2017,2017-06-30,1,226649,2.647,2.791,3063728,1.991,2.265
192,Comuna 8,2017,2017-06-30,1,226649,2.647,2.791,3063728,1.991,2.265
193,Comuna 8,2017,2017-06-30,1,226649,2.647,2.791,3063728,1.991,2.265
194,Comuna 8,2017,2017-06-30,1,226649,2.647,2.791,3063728,1.991,2.265
195,Comuna 9,2017,2017-06-30,1,170605,3.517,4.227,3063728,1.991,2.265
196,Comuna 9,2017,2017-06-30,1,170605,3.517,4.227,3063728,1.991,2.265
197,Comuna 9,2017,2017-06-30,1,170605,3.517,4.227,3063728,1.991,2.265
198,Comuna 9,2017,2017-06-30,1,170605,3.517,4.227,3063728,1.991,2.265
199,Comuna 9,2017,2017-06-30,1,170605,3.517,4.227,3063728,1.991,2.265
200,Comuna 9,2017,2017-06-30,1,170605,3.517,4.227,3063728,1.991,2.265
201,Comuna 1,2017,2017-12-31,2,253271,2.764,3.909,3063728,2.154,1.792
202,Comuna 1,2017,2017-12-31,2,253271,2.764,3.909,3063728,2.154,1.792
203,Comuna 1,2017,2017-12-31,2,253271,2.764,3.909,3063728,2.154,1.792
204,Comuna 1,2017,2017-12-31,2,253271,2.764,3.909,3063728,2.154,1.792
205,Comuna 1,2017,2017-12-31,2,253271,2.764,3.909,3063728,2.154,1.792
206,Comuna 1,2017,2017-12-31,2,253271,2.764,3.909,3063728,2.154,1.792
207,Comuna 1,2017,2017-12-31,2,253271,2.764,3.909,3063728,2.154,1.792
208,Comuna 10,2017,2017-12-31,2,170282,0.587,1.057,3063728,2.154,1.792
209,Comuna 11,2017,2017-12-31,2,189986,2.105,1.421,3063728,2.154,1.792
210,Comuna 11,2017,2017-12-31,2,189986,2.105,1.421,3063728,2.154,1.792
211,Comuna 11,2017,2017-12-31,2,189986,2.105,1.421,3063728,2.154,1.792
212,Comuna 11,2017,2017-12-31,2,189986,2.105,1.421,3063728,2.154,1.792
213,Comuna 12,2017,2017-12-31,2,213914,1.402,2.104,3063728,2.154,1.792
214,Comuna 12,2017,2017-12-31,2,213914,1.402,2.104,3063728,2.154,1.792
215,Comuna 12,2017,2017-12-31,2,213914,1.402,2.104,3063728,2.154,1.792
216,Comuna 13,2017,2017-12-31,2,235967,1.695,0.381,3063728,2.154,1.792
217,Comuna 13,2017,2017-12-31,2,235967,1.695,0.381,3063728,2.154,1.792
218,Comuna 13,2017,2017-12-31,2,235967,1.695,0.381,3063728,2.154,1.792
219,Comuna 13,2017,2017-12-31,2,235967,1.695,0.381,3063728,2.154,1.792
220,Comuna 14,2017,2017-12-31,2,226944,1.322,1.586,3063728,2.154,1.792
221,Comuna 14,2017,2017-12-31,2,226944,1.322,1.586,3063728,2.154,1.792
222,Comuna 14,2017,2017-12-31,2,226944,1.322,1.586,3063728,2.154,1.792
223,Comuna 15,2017,2017-12-31,2,182409,1.645,0.987,3063728,2.154,1.792
224,Comuna 15,2017,2017-12-31,2,182409,1.645,0.987,3063728,2.154,1.792
225,Comuna 15,2017,2017-12-31,2,182409,1.645,0.987,3063728,2.154,1.792
226,Comuna 2,2017,2017-12-31,2,149720,2.004,1.803,3063728,2.154,1.792
227,Comuna 2,2017,2017-12-31,2,149720,2.004,1.803,3063728,2.154,1.792
228,Comuna 2,2017,2017-12-31,2,149720,2.004,1.803,3063728,2.154,1.792
229,Comuna 3,2017,2017-12-31,2,192763,1.556,1.401,3063728,2.154,1.792
230,Comuna 3,2017,2017-12-31,2,192763,1.556,1.401,3063728,2.154,1.792
231,Comuna 3,2017,2017-12-31,2,192763,1.556,1.401,3063728,2.154,1.792
232,Comuna 4,2017,2017-12-31,2,238809,3.35,2.638,3063728,2.154,1.792
233,Comuna 4,2017,2017-12-31,2,238809,3.35,2.638,3063728,2.154,1.792
234,Comuna 4,2017,2017-12-31,2,238809,3.35,2.638,3063728,2.154,1.792
235,Comuna 4,2017,2017-12-31,2,238809,3.35,2.638,3063728,2.154,1.792
236,Comuna 4,2017,2017-12-31,2,238809,3.35,2.638,3063728,2.154,1.792
237,Comuna 4,2017,2017-12-31,2,238809,3.35,2.638,3063728,2.154,1.792
238,Comuna 4,2017,2017-12-31,2,238809,3.35,2.638,3063728,2.154,1.792
239,Comuna 4,2017,2017-12-31,2,238809,3.35,2.638,3063728,2.154,1.792
240,Comuna 5,2017,2017-12-31,2,186956,1.07,0.481,3063728,2.154,1.792
241,Comuna 5,2017,2017-12-31,2,186956,1.07,0.481,3063728,2.154,1.792
242,Comuna 6,2017,2017-12-31,2,184846,1.623,1.461,3063728,2.154,1.792
243,Comuna 6,2017,2017-12-31,2,184846,1.623,1.461,3063728,2.154,1.792
244,Comuna 6,2017,2017-12-31,2,184846,1.623,1.461,3063728,2.154,1.792
245,Comuna 7,2017,2017-12-31,2,240607,2.494,1.496,3063728,2.154,1.792
246,Comuna 7,2017,2017-12-31,2,240607,2.494,1.496,3063728,2.154,1.792
247,Comuna 7,2017,2017-12-31,2,240607,2.494,1.496,3063728,2.154,1.792
248,Comuna 7,2017,2017-12-31,2,240607,2.494,1.496,3063728,2.154,1.792
249,Comuna 7,2017,2017-12-31,2,240607,2.494,1.496,3063728,2.154,1.792
250,Comuna 7,2017,2017-12-31,2,240607,2.494,1.496,3063728,2.154,1.792
251,Comuna 8,2017,2017-12-31,2,226649,3.088,2.383,3063728,2.154,1.792
252,Comuna 8,2017,2017-12-31,2,226649,3.088,2.383,3063728,2.154,1.792
253,Comuna 8,2017,2017-12-31,2,226649,3.088,2.383,3063728,2.154,1.792
254,Comuna 8,2017,2017-12-31,2,226649,3.088,2.383,3063728,2.154,1.792
255,Comuna 8,2017,2017-12-31,2,226649,3.088,2.383,3063728,2.154,1.792
256,Comuna 8,2017,2017-12-31,2,226649,3.088,2.383,3063728,2.154,1.792
257,Comuna 8,2017,2017-12-31,2,226649,3.088,2.383,3063728,2.154,1.792
258,Comuna 9,2017,2017-12-31,2,170605,5.275,3.165,3063728,2.154,1.792
259,Comuna 9,2017,2017-12-31,2,170605,5.275,3.165,3063728,2.154,1.792
260,Comuna 9,2017,2017-12-31,2,170605,5.275,3.165,3063728,2.154,1.792
261,Comuna 9,2017,2017-12-31,2,170605,5.275,3.165,3063728,2.154,1.792
262,Comuna 9,2017,2017-12-31,2,170605,5.275,3.165,3063728,2.154,1.792
263,Comuna 9,2017,2017-12-31,2,170605,5.275,3.165,3063728,2.154,1.792
264,Comuna 9,2017,2017-12-31,2,170605,5.275,3.165,3063728,2.154,1.792
265,Comuna 9,2017,2017-12-31,2,170605,5.275,3.165,3063728,2.154,1.792
266,Comuna 9,2017,2017-12-31,2,170605,5.275,3.165,3063728,2.154,1.792
267,Comuna 1,2018,2018-06-30,1,254408,3.145,2.487,3068043,2.151,1.939
268,Comuna 1,2018,2018-06-30,1,254408,3.145,2.487,3068043,2.151,1.939
269,Comuna 1,2018,2018-06-30,1,254408,3.145,2.487,3068043,2.151,1.939
270,Comuna 1,2018,2018-06-30,1,254408,3.145,2.487,3068043,2.151,1.939
271,Comuna 1,2018,2018-06-30,1,254408,3.145,2.487,3068043,2.151,1.939
272,Comuna 1,2018,2018-06-30,1,254408,3.145,2.487,3068043,2.151,1.939
273,Comuna 1,2018,2018-06-30,1,254408,3.145,2.487,3068043,2.151,1.939
274,Comuna 1,2018,2018-06-30,1,254408,3.145,2.487,3068043,2.151,1.939
275,Comuna 10,2018,2018-06-30,1,170394,1.174,0.529,3068043,2.151,1.939
276,Comuna 10,2018,2018-06-30,1,170394,1.174,0.529,3068043,2.151,1.939
277,Comuna 11,2018,2018-06-30,1,190016,1.579,1.895,3068043,2.151,1.939
278,Comuna 11,2018,2018-06-30,1,190016,1.579,1.895,3068043,2.151,1.939
279,Comuna 11,2018,2018-06-30,1,190016,1.579,1.895,3068043,2.151,1.939
280,Comuna 12,2018,2018-06-30,1,214229,0.934,1.262,3068043,2.151,1.939
281,Comuna 12,2018,2018-06-30,1,214229,0.934,1.262,3068043,2.151,1.939
282,Comuna 13,2018,2018-06-30,1,236107,2.541,1.526,3068043,2.151,1.939
283,Comuna 13,2018,2018-06-30,1,236107,2.541,1.526,3068043,2.151,1.939
284,Comuna 13,2018,2018-06-30,1,236107,2.541,1.526,3068043,2.151,1.939
285,Comuna 13,2018,2018-06-30,1,236107,2.541,1.526,3068043,2.151,1.939
286,Comuna 13,2018,2018-06-30,1,236107,2.541,1.526,3068043,2.151,1.939
287,Comuna 13,2018,2018-06-30,1,236107,2.541,1.526,3068043,2.151,1.939
288,Comuna 15,2018,2018-06-30,1,182427,4.385,1.48,3068043,2.151,1.939
289,Comuna 15,2018,2018-06-30,1,182427,4.385,1.48,3068043,2.151,1.939
290,Comuna 15,2018,2018-06-30,1,182427,4.385,1.48,3068043,2.151,1.939
291,Comuna 15,2018,2018-06-30,1,182427,4.385,1.48,3068043,2.151,1.939
292,Comuna 15,2018,2018-06-30,1,182427,4.385,1.48,3068043,2.151,1.939
293,Comuna 15,2018,2018-06-30,1,182427,4.385,1.48,3068043,2.151,1.939
294,Comuna 15,2018,2018-06-30,1,182427,4.385,1.48,3068043,2.151,1.939
295,Comuna 15,2018,2018-06-30,1,182427,4.385,1.48,3068043,2.151,1.939
296,Comuna 2,2018,2018-06-30,1,149607,2.674,1.803,3068043,2.151,1.939
297,Comuna 2,2018,2018-06-30,1,149607,2.674,1.803,3068043,2.151,1.939
298,Comuna 2,2018,2018-06-30,1,149607,2.674,1.803,3068043,2.151,1.939
299,Comuna 2,2018,2018-06-30,1,149607,2.674,1.803,3068043,2.151,1.939
300,Comuna 3,2018,2018-06-30,1,192945,3.11,1.401,3068043,2.151,1.939
301,Comuna 3,2018,2018-06-30,1,192945,3.11,1.401,3068043,2.151,1.939
302,Comuna 3,2018,2018-06-30,1,192945,3.11,1.401,3068043,2.151,1.939
303,Comuna 3,2018,2018-06-30,1,192945,3.11,1.401,3068043,2.151,1.939
304,Comuna 3,2018,2018-06-30,1,192945,3.11,1.401,3068043,2.151,1.939
305,Comuna 3,2018,2018-06-30,1,192945,3.11,1.401,3068043,2.151,1.939
306,Comuna 4,2018,2018-06-30,1,239279,4.179,3.015,3068043,2.151,1.939
307,Comuna 4,2018,2018-06-30,1,239279,4.179,3.015,3068043,2.151,1.939
308,Comuna 4,2018,2018-06-30,1,239279,4.179,3.015,3068043,2.151,1.939
309,Comuna 4,2018,2018-06-30,1,239279,4.179,3.015,3068043,2.151,1.939
310,Comuna 4,2018,2018-06-30,1,239279,4.179,3.015,3068043,2.151,1.939
311,Comuna 4,2018,2018-06-30,1,239279,4.179,3.015,3068043,2.151,1.939
312,Comuna 4,2018,2018-06-30,1,239279,4.179,3.015,3068043,2.151,1.939
313,Comuna 4,2018,2018-06-30,1,239279,4.179,3.015,3068043,2.151,1.939
314,Comuna 4,2018,2018-06-30,1,239279,4.179,3.015,3068043,2.151,1.939
315,Comuna 4,2018,2018-06-30,1,239279,4.179,3.015,3068043,2.151,1.939
316,Comuna 5,2018,2018-06-30,1,187159,1.069,0.963,3068043,2.151,1.939
317,Comuna 5,2018,2018-06-30,1,187159,1.069,0.963,3068043,2.151,1.939
318,Comuna 6,2018,2018-06-30,1,185067,1.621,1.461,3068043,2.151,1.939
319,Comuna 6,2018,2018-06-30,1,185067,1.621,1.461,3068043,2.151,1.939
320,Comuna 6,2018,2018-06-30,1,185067,1.621,1.461,3068043,2.151,1.939
321,Comuna 7,2018,2018-06-30,1,241065,2.489,2.244,3068043,2.151,1.939
322,Comuna 7,2018,2018-06-30,1,241065,2.489,2.244,3068043,2.151,1.939
323,Comuna 7,2018,2018-06-30,1,241065,2.489,2.244,3068043,2.151,1.939
324,Comuna 7,2018,2018-06-30,1,241065,2.489,2.244,3068043,2.151,1.939
325,Comuna 7,2018,2018-06-30,1,241065,2.489,2.244,3068043,2.151,1.939
326,Comuna 7,2018,2018-06-30,1,241065,2.489,2.244,3068043,2.151,1.939
327,Comuna 8,2018,2018-06-30,1,227495,0.879,2.78,3068043,2.151,1.939
328,Comuna 8,2018,2018-06-30,1,227495,0.879,2.78,3068043,2.151,1.939
329,Comuna 9,2018,2018-06-30,1,170842,2.341,4.748,3068043,2.151,1.939
330,Comuna 9,2018,2018-06-30,1,170842,2.341,4.748,3068043,2.151,1.939
331,Comuna 9,2018,2018-06-30,1,170842,2.341,4.748,3068043,2.151,1.939
332,Comuna 9,2018,2018-06-30,1,170842,2.341,4.748,3068043,2.151,1.939
333,Comuna 1,2018,2018-12-31,2,254408,4.324,2.83,3068043,2.477,1.936
334,Comuna 1,2018,2018-12-31,2,254408,4.324,2.83,3068043,2.477,1.936
335,Comuna 1,2018,2018-12-31,2,254408,4.324,2.83,3068043,2.477,1.936
336,Comuna 1,2018,2018-12-31,2,254408,4.324,2.83,3068043,2.477,1.936
337,Comuna 1,2018,2018-12-31,2,254408,4.324,2.83,3068043,2.477,1.936
338,Comuna 1,2018,2018-12-31,2,254408,4.324,2.83,3068043,2.477,1.936
339,Comuna 1,2018,2018-12-31,2,254408,4.324,2.83,3068043,2.477,1.936
340,Comuna 1,2018,2018-12-31,2,254408,4.324,2.83,3068043,2.477,1.936
341,Comuna 1,2018,2018-12-31,2,254408,4.324,2.83,3068043,2.477,1.936
342,Comuna 1,2018,2018-12-31,2,254408,4.324,2.83,3068043,2.477,1.936
343,Comuna 1,2018,2018-12-31,2,254408,4.324,2.83,3068043,2.477,1.936
344,Comuna 10,2018,2018-12-31,2,170394,2.348,1.056,3068043,2.477,1.936
345,Comuna 10,2018,2018-12-31,2,170394,2.348,1.056,3068043,2.477,1.936
346,Comuna 10,2018,2018-12-31,2,170394,2.348,1.056,3068043,2.477,1.936
347,Comuna 10,2018,2018-12-31,2,170394,2.348,1.056,3068043,2.477,1.936
348,Comuna 11,2018,2018-12-31,2,190016,0.526,1.421,3068043,2.477,1.936
349,Comuna 12,2018,2018-12-31,2,214229,2.334,0.84,3068043,2.477,1.936
350,Comuna 12,2018,2018-12-31,2,214229,2.334,0.84,3068043,2.477,1.936
351,Comuna 12,2018,2018-12-31,2,214229,2.334,0.84,3068043,2.477,1.936
352,Comuna 12,2018,2018-12-31,2,214229,2.334,0.84,3068043,2.477,1.936
353,Comuna 12,2018,2018-12-31,2,214229,2.334,0.84,3068043,2.477,1.936
354,Comuna 13,2018,2018-12-31,2,236107,0.424,2.287,3068043,2.477,1.936
355,Comuna 14,2018,2018-12-31,2,227003,1.322,1.19,3068043,2.477,1.936
356,Comuna 14,2018,2018-12-31,2,227003,1.322,1.19,3068043,2.477,1.936
357,Comuna 14,2018,2018-12-31,2,227003,1.322,1.19,3068043,2.477,1.936
358,Comuna 15,2018,2018-12-31,2,182427,1.644,3.947,3068043,2.477,1.936
359,Comuna 15,2018,2018-12-31,2,182427,1.644,3.947,3068043,2.477,1.936
360,Comuna 15,2018,2018-12-31,2,182427,1.644,3.947,3068043,2.477,1.936
361,Comuna 2,2018,2018-12-31,2,149607,2.005,2.406,3068043,2.477,1.936
362,Comuna 2,2018,2018-12-31,2,149607,2.005,2.406,3068043,2.477,1.936
363,Comuna 2,2018,2018-12-31,2,149607,2.005,2.406,3068043,2.477,1.936
364,Comuna 3,2018,2018-12-31,2,192945,2.591,2.799,3068043,2.477,1.936
365,Comuna 3,2018,2018-12-31,2,192945,2.591,2.799,3068043,2.477,1.936
366,Comuna 3,2018,2018-12-31,2,192945,2.591,2.799,3068043,2.477,1.936
367,Comuna 3,2018,2018-12-31,2,192945,2.591,2.799,3068043,2.477,1.936
368,Comuna 3,2018,2018-12-31,2,192945,2.591,2.799,3068043,2.477,1.936
369,Comuna 4,2018,2018-12-31,2,239279,2.09,3.761,3068043,2.477,1.936
370,Comuna 4,2018,2018-12-31,2,239279,2.09,3.761,3068043,2.477,1.936
371,Comuna 4,2018,2018-12-31,2,239279,2.09,3.761,3068043,2.477,1.936
372,Comuna 4,2018,2018-12-31,2,239279,2.09,3.761,3068043,2.477,1.936
373,Comuna 4,2018,2018-12-31,2,239279,2.09,3.761,3068043,2.477,1.936
374,Comuna 5,2018,2018-12-31,2,187159,1.069,0.962,3068043,2.477,1.936
375,Comuna 5,2018,2018-12-31,2,187159,1.069,0.962,3068043,2.477,1.936
376,Comuna 7,2018,2018-12-31,2,241065,4.148,2.24,3068043,2.477,1.936
377,Comuna 7,2018,2018-12-31,2,241065,4.148,2.24,3068043,2.477,1.936
378,Comuna 7,2018,2018-12-31,2,241065,4.148,2.24,3068043,2.477,1.936
379,Comuna 7,2018,2018-12-31,2,241065,4.148,2.24,3068043,2.477,1.936
380,Comuna 7,2018,2018-12-31,2,241065,4.148,2.24,3068043,2.477,1.936
381,Comuna 7,2018,2018-12-31,2,241065,4.148,2.24,3068043,2.477,1.936
382,Comuna 7,2018,2018-12-31,2,241065,4.148,2.24,3068043,2.477,1.936
383,Comuna 7,2018,2018-12-31,2,241065,4.148,2.24,3068043,2.477,1.936
384,Comuna 7,2018,2018-12-31,2,241065,4.148,2.24,3068043,2.477,1.936
385,Comuna 7,2018,2018-12-31,2,241065,4.148,2.24,3068043,2.477,1.936
386,Comuna 8,2018,2018-12-31,2,227495,3.956,0.791,3068043,2.477,1.936
387,Comuna 8,2018,2018-12-31,2,227495,3.956,0.791,3068043,2.477,1.936
388,Comuna 8,2018,2018-12-31,2,227495,3.956,0.791,3068043,2.477,1.936
389,Comuna 8,2018,2018-12-31,2,227495,3.956,0.791,3068043,2.477,1.936
390,Comuna 8,2018,2018-12-31,2,227495,3.956,0.791,3068043,2.477,1.936
391,Comuna 8,2018,2018-12-31,2,227495,3.956,0.791,3068043,2.477,1.936
392,Comuna 8,2018,2018-12-31,2,227495,3.956,0.791,3068043,2.477,1.936
393,Comuna 8,2018,2018-12-31,2,227495,3.956,0.791,3068043,2.477,1.936
394,Comuna 8,2018,2018-12-31,2,227495,3.956,0.791,3068043,2.477,1.936
395,Comuna 9,2018,2018-12-31,2,170842,8.195,2.107,3068043,2.477,1.936
396,Comuna 9,2018,2018-12-31,2,170842,8.195,2.107,3068043,2.477,1.936
397,Comuna 9,2018,2018-12-31,2,170842,8.195,2.107,3068043,2.477,1.936
398,Comuna 9,2018,2018-12-31,2,170842,8.195,2.107,3068043,2.477,1.936
399,Comuna 9,2018,2018-12-31,2,170842,8.195,2.107,3068043,2.477,1.936
400,Comuna 9,2018,2018-12-31,2,170842,8.195,2.107,3068043,2.477,1.936
401,Comuna 9,2018,2018-12-31,2,170842,8.195,2.107,3068043,2.477,1.936
402,Comuna 9,2018,2018-12-31,2,170842,8.195,2.107,3068043,2.477,1.936
403,Comuna 9,2018,2018-12-31,2,170842,8.195,2.107,3068043,2.477,1.936
404,Comuna 9,2018,2018-12-31,2,170842,8.195,2.107,3068043,2.477,1.936
405,Comuna 9,2018,2018-12-31,2,170842,8.195,2.107,3068043,2.477,1.936
406,Comuna 9,2018,2018-12-31,2,170842,8.195,2.107,3068043,2.477,1.936
407,Comuna 9,2018,2018-12-31,2,170842,8.195,2.107,3068043,2.477,1.936
408,Comuna 9,2018,2018-12-31,2,170842,8.195,2.107,3068043,2.477,1.936
409,Comuna 1,2019,2019-06-30,1,255457,3.523,3.891,3072029,1.823,2.229
410,Comuna 1,2019,2019-06-30,1,255457,3.523,3.891,3072029,1.823,2.229
411,Comuna 1,2019,2019-06-30,1,255457,3.523,3.891,3072029,1.823,2.229
412,Comuna 1,2019,2019-06-30,1,255457,3.523,3.891,3072029,1.823,2.229
413,Comuna 1,2019,2019-06-30,1,255457,3.523,3.891,3072029,1.823,2.229
414,Comuna 1,2019,2019-06-30,1,255457,3.523,3.891,3072029,1.823,2.229
415,Comuna 1,2019,2019-06-30,1,255457,3.523,3.891,3072029,1.823,2.229
416,Comuna 1,2019,2019-06-30,1,255457,3.523,3.891,3072029,1.823,2.229
417,Comuna 1,2019,2019-06-30,1,255457,3.523,3.891,3072029,1.823,2.229
418,Comuna 10,2019,2019-06-30,1,170497,1.173,2.113,3072029,1.823,2.229
419,Comuna 10,2019,2019-06-30,1,170497,1.173,2.113,3072029,1.823,2.229
420,Comuna 11,2019,2019-06-30,1,190046,2.105,0.474,3072029,1.823,2.229
421,Comuna 11,2019,2019-06-30,1,190046,2.105,0.474,3072029,1.823,2.229
422,Comuna 11,2019,2019-06-30,1,190046,2.105,0.474,3072029,1.823,2.229
423,Comuna 11,2019,2019-06-30,1,190046,2.105,0.474,3072029,1.823,2.229
424,Comuna 13,2019,2019-06-30,1,236238,2.117,0.381,3072029,1.823,2.229
425,Comuna 13,2019,2019-06-30,1,236238,2.117,0.381,3072029,1.823,2.229
426,Comuna 13,2019,2019-06-30,1,236238,2.117,0.381,3072029,1.823,2.229
427,Comuna 13,2019,2019-06-30,1,236238,2.117,0.381,3072029,1.823,2.229
428,Comuna 13,2019,2019-06-30,1,236238,2.117,0.381,3072029,1.823,2.229
429,Comuna 14,2019,2019-06-30,1,227060,1.762,1.189,3072029,1.823,2.229
430,Comuna 14,2019,2019-06-30,1,227060,1.762,1.189,3072029,1.823,2.229
431,Comuna 14,2019,2019-06-30,1,227060,1.762,1.189,3072029,1.823,2.229
432,Comuna 14,2019,2019-06-30,1,227060,1.762,1.189,3072029,1.823,2.229
433,Comuna 15,2019,2019-06-30,1,182445,1.096,1.48,3072029,1.823,2.229
434,Comuna 15,2019,2019-06-30,1,182445,1.096,1.48,3072029,1.823,2.229
435,Comuna 2,2019,2019-06-30,1,149510,1.338,1.805,3072029,1.823,2.229
436,Comuna 2,2019,2019-06-30,1,149510,1.338,1.805,3072029,1.823,2.229
437,Comuna 3,2019,2019-06-30,1,193115,1.036,2.332,3072029,1.823,2.229
438,Comuna 3,2019,2019-06-30,1,193115,1.036,2.332,3072029,1.823,2.229
439,Comuna 4,2019,2019-06-30,1,239712,1.252,1.881,3072029,1.823,2.229
440,Comuna 4,2019,2019-06-30,1,239712,1.252,1.881,3072029,1.823,2.229
441,Comuna 4,2019,2019-06-30,1,239712,1.252,1.881,3072029,1.823,2.229
442,Comuna 5,2019,2019-06-30,1,187348,2.135,0.962,3072029,1.823,2.229
443,Comuna 5,2019,2019-06-30,1,187348,2.135,0.962,3072029,1.823,2.229
444,Comuna 5,2019,2019-06-30,1,187348,2.135,0.962,3072029,1.823,2.229
445,Comuna 5,2019,2019-06-30,1,187348,2.135,0.962,3072029,1.823,2.229
446,Comuna 6,2019,2019-06-30,1,185271,1.079,1.459,3072029,1.823,2.229
447,Comuna 6,2019,2019-06-30,1,185271,1.079,1.459,3072029,1.823,2.229
448,Comuna 7,2019,2019-06-30,1,241484,3.313,3.733,3072029,1.823,2.229
449,Comuna 7,2019,2019-06-30,1,241484,3.313,3.733,3072029,1.823,2.229
450,Comuna 7,2019,2019-06-30,1,241484,3.313,3.733,3072029,1.823,2.229
451,Comuna 7,2019,2019-06-30,1,241484,3.313,3.733,3072029,1.823,2.229
452,Comuna 7,2019,2019-06-30,1,241484,3.313,3.733,3072029,1.823,2.229
453,Comuna 7,2019,2019-06-30,1,241484,3.313,3.733,3072029,1.823,2.229
454,Comuna 7,2019,2019-06-30,1,241484,3.313,3.733,3072029,1.823,2.229
455,Comuna 7,2019,2019-06-30,1,241484,3.313,3.733,3072029,1.823,2.229
456,Comuna 8,2019,2019-06-30,1,228266,2.19,3.561,3072029,1.823,2.229
457,Comuna 8,2019,2019-06-30,1,228266,2.19,3.561,3072029,1.823,2.229
458,Comuna 8,2019,2019-06-30,1,228266,2.19,3.561,3072029,1.823,2.229
459,Comuna 8,2019,2019-06-30,1,228266,2.19,3.561,3072029,1.823,2.229
460,Comuna 8,2019,2019-06-30,1,228266,2.19,3.561,3072029,1.823,2.229
461,Comuna 9,2019,2019-06-30,1,171062,2.338,7.375,3072029,1.823,2.229
462,Comuna 9,2019,2019-06-30,1,171062,2.338,7.375,3072029,1.823,2.229
463,Comuna 9,2019,2019-06-30,1,171062,2.338,7.375,3072029,1.823,2.229
464,Comuna 9,2019,2019-06-30,1,171062,2.338,7.375,3072029,1.823,2.229
465,Comuna 1,2019,2019-12-31,2,255457,1.174,3.171,3072029,1.53,1.641
466,Comuna 1,2019,2019-12-31,2,255457,1.174,3.171,3072029,1.53,1.641
467,Comuna 1,2019,2019-12-31,2,255457,1.174,3.171,3072029,1.53,1.641
468,Comuna 10,2019,2019-12-31,2,170497,3.519,1.056,3072029,1.53,1.641
469,Comuna 10,2019,2019-12-31,2,170497,3.519,1.056,3072029,1.53,1.641
470,Comuna 10,2019,2019-12-31,2,170497,3.519,1.056,3072029,1.53,1.641
471,Comuna 10,2019,2019-12-31,2,170497,3.519,1.056,3072029,1.53,1.641
472,Comuna 10,2019,2019-12-31,2,170497,3.519,1.056,3072029,1.53,1.641
473,Comuna 10,2019,2019-12-31,2,170497,3.519,1.056,3072029,1.53,1.641
474,Comuna 11,2019,2019-12-31,2,190046,1.052,1.894,3072029,1.53,1.641
475,Comuna 11,2019,2019-12-31,2,190046,1.052,1.894,3072029,1.53,1.641
476,Comuna 12,2019,2019-12-31,2,214518,0.932,2.101,3072029,1.53,1.641
477,Comuna 12,2019,2019-12-31,2,214518,0.932,2.101,3072029,1.53,1.641
478,Comuna 13,2019,2019-12-31,2,236238,2.117,1.905,3072029,1.53,1.641
479,Comuna 13,2019,2019-12-31,2,236238,2.117,1.905,3072029,1.53,1.641
480,Comuna 13,2019,2019-12-31,2,236238,2.117,1.905,3072029,1.53,1.641
481,Comuna 13,2019,2019-12-31,2,236238,2.117,1.905,3072029,1.53,1.641
482,Comuna 13,2019,2019-12-31,2,236238,2.117,1.905,3072029,1.53,1.641
483,Comuna 14,2019,2019-12-31,2,227060,0.881,1.585,3072029,1.53,1.641
484,Comuna 14,2019,2019-12-31,2,227060,0.881,1.585,3072029,1.53,1.641
485,Comuna 15,2019,2019-12-31,2,182445,3.837,0.987,3072029,1.53,1.641
486,Comuna 15,2019,2019-12-31,2,182445,3.837,0.987,3072029,1.53,1.641
487,Comuna 15,2019,2019-12-31,2,182445,3.837,0.987,3072029,1.53,1.641
488,Comuna 15,2019,2019-12-31,2,182445,3.837,0.987,3072029,1.53,1.641
489,Comuna 15,2019,2019-12-31,2,182445,3.837,0.987,3072029,1.53,1.641
490,Comuna 15,2019,2019-12-31,2,182445,3.837,0.987,3072029,1.53,1.641
491,Comuna 15,2019,2019-12-31,2,182445,3.837,0.987,3072029,1.53,1.641
492,Comuna 4,2019,2019-12-31,2,239712,3.755,1.126,3072029,1.53,1.641
493,Comuna 4,2019,2019-12-31,2,239712,3.755,1.126,3072029,1.53,1.641
494,Comuna 4,2019,2019-12-31,2,239712,3.755,1.126,3072029,1.53,1.641
495,Comuna 4,2019,2019-12-31,2,239712,3.755,1.126,3072029,1.53,1.641
496,Comuna 4,2019,2019-12-31,2,239712,3.755,1.126,3072029,1.53,1.641
497,Comuna 4,2019,2019-12-31,2,239712,3.755,1.126,3072029,1.53,1.641
498,Comuna 4,2019,2019-12-31,2,239712,3.755,1.126,3072029,1.53,1.641
499,Comuna 4,2019,2019-12-31,2,239712,3.755,1.126,3072029,1.53,1.641
500,Comuna 4,2019,2019-12-31,2,239712,3.755,1.126,3072029,1.53,1.641
501,Comuna 5,2019,2019-12-31,2,187348,0.534,1.922,3072029,1.53,1.641
502,Comuna 7,2019,2019-12-31,2,241484,1.242,2.982,3072029,1.53,1.641
503,Comuna 7,2019,2019-12-31,2,241484,1.242,2.982,3072029,1.53,1.641
504,Comuna 7,2019,2019-12-31,2,241484,1.242,2.982,3072029,1.53,1.641
505,Comuna 8,2019,2019-12-31,2,228266,0.876,1.971,3072029,1.53,1.641
506,Comuna 8,2019,2019-12-31,2,228266,0.876,1.971,3072029,1.53,1.641
507,Comuna 9,2019,2019-12-31,2,171062,2.923,2.105,3072029,1.53,1.641
508,Comuna 9,2019,2019-12-31,2,171062,2.923,2.105,3072029,1.53,1.641
509,Comuna 9,2019,2019-12-31,2,171062,2.923,2.105,3072029,1.53,1.641
510,Comuna 9,2019,2019-12-31,2,171062,2.923,2.105,3072029,1.53,1.641
511,Comuna 9,2019,2019-12-31,2,171062,2.923,2.105,3072029,1.53,1.641
512,Comuna 1,2020,2020-06-30,1,256405,1.95,1.057,3075646,0.975,1.377
513,Comuna 1,2020,2020-06-30,1,256405,1.95,1.057,3075646,0.975,1.377
514,Comuna 1,2020,2020-06-30,1,256405,1.95,1.057,3075646,0.975,1.377
515,Comuna 1,2020,2020-06-30,1,256405,1.95,1.057,3075646,0.975,1.377
516,Comuna 1,2020,2020-06-30,1,256405,1.95,1.057,3075646,0.975,1.377
517,Comuna 11,2020,2020-06-30,1,190076,0.526,0.947,3075646,0.975,1.377
518,Comuna 13,2020,2020-06-30,1,236358,0.423,1.905,3075646,0.975,1.377
519,Comuna 15,2020,2020-06-30,1,182465,1.644,3.453,3075646,0.975,1.377
520,Comuna 15,2020,2020-06-30,1,182465,1.644,3.453,3075646,0.975,1.377
521,Comuna 15,2020,2020-06-30,1,182465,1.644,3.453,3075646,0.975,1.377
522,Comuna 2,2020,2020-06-30,1,149430,1.338,1.204,3075646,0.975,1.377
523,Comuna 2,2020,2020-06-30,1,149430,1.338,1.204,3075646,0.975,1.377
524,Comuna 3,2020,2020-06-30,1,193276,3.104,0.932,3075646,0.975,1.377
525,Comuna 3,2020,2020-06-30,1,193276,3.104,0.932,3075646,0.975,1.377
526,Comuna 3,2020,2020-06-30,1,193276,3.104,0.932,3075646,0.975,1.377
527,Comuna 3,2020,2020-06-30,1,193276,3.104,0.932,3075646,0.975,1.377
528,Comuna 3,2020,2020-06-30,1,193276,3.104,0.932,3075646,0.975,1.377
529,Comuna 3,2020,2020-06-30,1,193276,3.104,0.932,3075646,0.975,1.377
530,Comuna 4,2020,2020-06-30,1,240100,0.416,3.379,3075646,0.975,1.377
531,Comuna 5,2020,2020-06-30,1,187518,1.6,0.48,3075646,0.975,1.377
532,Comuna 5,2020,2020-06-30,1,187518,1.6,0.48,3075646,0.975,1.377
533,Comuna 5,2020,2020-06-30,1,187518,1.6,0.48,3075646,0.975,1.377
534,Comuna 6,2020,2020-06-30,1,185456,0.539,0.972,3075646,0.975,1.377
535,Comuna 7,2020,2020-06-30,1,241861,0.413,1.118,3075646,0.975,1.377
536,Comuna 8,2020,2020-06-30,1,228953,0.874,0.789,3075646,0.975,1.377
537,Comuna 8,2020,2020-06-30,1,228953,0.874,0.789,3075646,0.975,1.377
538,Comuna 9,2020,2020-06-30,1,171264,2.336,2.631,3075646,0.975,1.377
539,Comuna 9,2020,2020-06-30,1,171264,2.336,2.631,3075646,0.975,1.377
540,Comuna 9,2020,2020-06-30,1,171264,2.336,2.631,3075646,0.975,1.377
541,Comuna 9,2020,2020-06-30,1,171264,2.336,2.631,3075646,0.975,1.377
542,Comuna 1,2020,2020-12-31,2,256405,1.95,1.755,3075646,1.496,0.878
543,Comuna 1,2020,2020-12-31,2,256405,1.95,1.755,3075646,1.496,0.878
544,Comuna 1,2020,2020-12-31,2,256405,1.95,1.755,3075646,1.496,0.878
545,Comuna 1,2020,2020-12-31,2,256405,1.95,1.755,3075646,1.496,0.878
546,Comuna 1,2020,2020-12-31,2,256405,1.95,1.755,3075646,1.496,0.878
547,Comuna 10,2020,2020-12-31,2,170592,2.345,3.167,3075646,1.496,0.878
548,Comuna 10,2020,2020-12-31,2,170592,2.345,3.167,3075646,1.496,0.878
549,Comuna 10,2020,2020-12-31,2,170592,2.345,3.167,3075646,1.496,0.878
550,Comuna 10,2020,2020-12-31,2,170592,2.345,3.167,3075646,1.496,0.878
551,Comuna 11,2020,2020-12-31,2,190076,1.578,0.473,3075646,1.496,0.878
552,Comuna 11,2020,2020-12-31,2,190076,1.578,0.473,3075646,1.496,0.878
553,Comuna 11,2020,2020-12-31,2,190076,1.578,0.473,3075646,1.496,0.878
554,Comuna 12,2020,2020-12-31,2,214777,1.397,0.839,3075646,1.496,0.878
555,Comuna 12,2020,2020-12-31,2,214777,1.397,0.839,3075646,1.496,0.878
556,Comuna 12,2020,2020-12-31,2,214777,1.397,0.839,3075646,1.496,0.878
557,Comuna 13,2020,2020-12-31,2,236358,0.846,0.381,3075646,1.496,0.878
558,Comuna 13,2020,2020-12-31,2,236358,0.846,0.381,3075646,1.496,0.878
559,Comuna 14,2020,2020-12-31,2,227115,1.321,0.793,3075646,1.496,0.878
560,Comuna 14,2020,2020-12-31,2,227115,1.321,0.793,3075646,1.496,0.878
561,Comuna 14,2020,2020-12-31,2,227115,1.321,0.793,3075646,1.496,0.878
562,Comuna 15,2020,2020-12-31,2,182465,1.644,1.48,3075646,1.496,0.878
563,Comuna 15,2020,2020-12-31,2,182465,1.644,1.48,3075646,1.496,0.878
564,Comuna 15,2020,2020-12-31,2,182465,1.644,1.48,3075646,1.496,0.878
565,Comuna 2,2020,2020-12-31,2,149430,2.008,1.205,3075646,1.496,0.878
566,Comuna 2,2020,2020-12-31,2,149430,2.008,1.205,3075646,1.496,0.878
567,Comuna 2,2020,2020-12-31,2,149430,2.008,1.205,3075646,1.496,0.878
568,Comuna 3,2020,2020-12-31,2,193276,2.07,2.794,3075646,1.496,0.878
569,Comuna 3,2020,2020-12-31,2,193276,2.07,2.794,3075646,1.496,0.878
570,Comuna 3,2020,2020-12-31,2,193276,2.07,2.794,3075646,1.496,0.878
571,Comuna 3,2020,2020-12-31,2,193276,2.07,2.794,3075646,1.496,0.878
572,Comuna 4,2020,2020-12-31,2,240100,1.249,0.375,3075646,1.496,0.878
573,Comuna 4,2020,2020-12-31,2,240100,1.249,0.375,3075646,1.496,0.878
574,Comuna 4,2020,2020-12-31,2,240100,1.249,0.375,3075646,1.496,0.878
575,Comuna 6,2020,2020-12-31,2,185456,0.539,0.485,3075646,1.496,0.878
576,Comuna 7,2020,2020-12-31,2,241861,2.067,0.372,3075646,1.496,0.878
577,Comuna 7,2020,2020-12-31,2,241861,2.067,0.372,3075646,1.496,0.878
578,Comuna 7,2020,2020-12-31,2,241861,2.067,0.372,3075646,1.496,0.878
579,Comuna 7,2020,2020-12-31,2,241861,2.067,0.372,3075646,1.496,0.878
580,Comuna 7,2020,2020-12-31,2,241861,2.067,0.372,3075646,1.496,0.878
581,Comuna 8,2020,2020-12-31,2,228953,2.184,0.786,3075646,1.496,0.878
582,Comuna 8,2020,2020-12-31,2,228953,2.184,0.786,3075646,1.496,0.878
583,Comuna 8,2020,2020-12-31,2,228953,2.184,0.786,3075646,1.496,0.878
584,Comuna 8,2020,2020-12-31,2,228953,2.184,0.786,3075646,1.496,0.878
585,Comuna 8,2020,2020-12-31,2,228953,2.184,0.786,3075646,1.496,0.878
586,Comuna 9,2020,2020-12-31,2,171264,1.168,2.102,3075646,1.496,0.878
587,Comuna 9,2020,2020-12-31,2,171264,1.168,2.102,3075646,1.496,0.878
588,Comuna 1,2021,2021-06-30,1,257235,1.166,1.755,3078836,1.754,1.346
589,Comuna 1,2021,2021-06-30,1,257235,1.166,1.755,3078836,1.754,1.346
590,Comuna 1,2021,2021-06-30,1,257235,1.166,1.755,3078836,1.754,1.346
591,Comuna 10,2021,2021-06-30,1,170677,0.586,2.11,3078836,1.754,1.346
592,Comuna 11,2021,2021-06-30,1,190105,0.526,1.42,3078836,1.754,1.346
593,Comuna 12,2021,2021-06-30,1,215002,1.86,1.257,3078836,1.754,1.346
594,Comuna 12,2021,2021-06-30,1,215002,1.86,1.257,3078836,1.754,1.346
595,Comuna 12,2021,2021-06-30,1,215002,1.86,1.257,3078836,1.754,1.346
596,Comuna 12,2021,2021-06-30,1,215002,1.86,1.257,3078836,1.754,1.346
597,Comuna 13,2021,2021-06-30,1,236468,2.114,0.762,3078836,1.754,1.346
598,Comuna 13,2021,2021-06-30,1,236468,2.114,0.762,3078836,1.754,1.346
599,Comuna 13,2021,2021-06-30,1,236468,2.114,0.762,3078836,1.754,1.346
600,Comuna 13,2021,2021-06-30,1,236468,2.114,0.762,3078836,1.754,1.346
601,Comuna 13,2021,2021-06-30,1,236468,2.114,0.762,3078836,1.754,1.346
602,Comuna 14,2021,2021-06-30,1,227168,1.321,1.189,3078836,1.754,1.346
603,Comuna 14,2021,2021-06-30,1,227168,1.321,1.189,3078836,1.754,1.346
604,Comuna 14,2021,2021-06-30,1,227168,1.321,1.189,3078836,1.754,1.346
605,Comuna 15,2021,2021-06-30,1,182485,2.74,1.48,3078836,1.754,1.346
606,Comuna 15,2021,2021-06-30,1,182485,2.74,1.48,3078836,1.754,1.346
607,Comuna 15,2021,2021-06-30,1,182485,2.74,1.48,3078836,1.754,1.346
608,Comuna 15,2021,2021-06-30,1,182485,2.74,1.48,3078836,1.754,1.346
609,Comuna 15,2021,2021-06-30,1,182485,2.74,1.48,3078836,1.754,1.346
610,Comuna 2,2021,2021-06-30,1,149371,0.669,1.807,3078836,1.754,1.346
611,Comuna 3,2021,2021-06-30,1,193425,1.551,1.863,3078836,1.754,1.346
612,Comuna 3,2021,2021-06-30,1,193425,1.551,1.863,3078836,1.754,1.346
613,Comuna 3,2021,2021-06-30,1,193425,1.551,1.863,3078836,1.754,1.346
614,Comuna 4,2021,2021-06-30,1,240437,3.327,1.125,3078836,1.754,1.346
615,Comuna 4,2021,2021-06-30,1,240437,3.327,1.125,3078836,1.754,1.346
616,Comuna 4,2021,2021-06-30,1,240437,3.327,1.125,3078836,1.754,1.346
617,Comuna 4,2021,2021-06-30,1,240437,3.327,1.125,3078836,1.754,1.346
618,Comuna 4,2021,2021-06-30,1,240437,3.327,1.125,3078836,1.754,1.346
619,Comuna 4,2021,2021-06-30,1,240437,3.327,1.125,3078836,1.754,1.346
620,Comuna 4,2021,2021-06-30,1,240437,3.327,1.125,3078836,1.754,1.346
621,Comuna 4,2021,2021-06-30,1,240437,3.327,1.125,3078836,1.754,1.346
622,Comuna 5,2021,2021-06-30,1,187670,1.599,1.44,3078836,1.754,1.346
623,Comuna 5,2021,2021-06-30,1,187670,1.599,1.44,3078836,1.754,1.346
624,Comuna 5,2021,2021-06-30,1,187670,1.599,1.44,3078836,1.754,1.346
625,Comuna 6,2021,2021-06-30,1,185620,0.539,0.485,3078836,1.754,1.346
626,Comuna 7,2021,2021-06-30,1,242188,1.239,1.861,3078836,1.754,1.346
627,Comuna 7,2021,2021-06-30,1,242188,1.239,1.861,3078836,1.754,1.346
628,Comuna 7,2021,2021-06-30,1,242188,1.239,1.861,3078836,1.754,1.346
629,Comuna 8,2021,2021-06-30,1,229541,2.614,1.965,3078836,1.754,1.346
630,Comuna 8,2021,2021-06-30,1,229541,2.614,1.965,3078836,1.754,1.346
631,Comuna 8,2021,2021-06-30,1,229541,2.614,1.965,3078836,1.754,1.346
632,Comuna 8,2021,2021-06-30,1,229541,2.614,1.965,3078836,1.754,1.346
633,Comuna 8,2021,2021-06-30,1,229541,2.614,1.965,3078836,1.754,1.346
634,Comuna 8,2021,2021-06-30,1,229541,2.614,1.965,3078836,1.754,1.346
635,Comuna 9,2021,2021-06-30,1,171444,4.083,1.051,3078836,1.754,1.346
636,Comuna 9,2021,2021-06-30,1,171444,4.083,1.051,3078836,1.754,1.346
637,Comuna 9,2021,2021-06-30,1,171444,4.083,1.051,3078836,1.754,1.346
638,Comuna 9,2021,2021-06-30,1,171444,4.083,1.051,3078836,1.754,1.346
639,Comuna 9,2021,2021-06-30,1,171444,4.083,1.051,3078836,1.754,1.346
640,Comuna 9,2021,2021-06-30,1,171444,4.083,1.051,3078836,1.754,1.346
641,Comuna 9,2021,2021-06-30,1,171444,4.083,1.051,3078836,1.754,1.346
642,Comuna 1,2021,2021-12-31,2,257235,2.332,1.05,3078836,1.364,1.579
643,Comuna 1,2021,2021-12-31,2,257235,2.332,1.05,3078836,1.364,1.579
644,Comuna 1,2021,2021-12-31,2,257235,2.332,1.05,3078836,1.364,1.579
645,Comuna 1,2021,2021-12-31,2,257235,2.332,1.05,3078836,1.364,1.579
646,Comuna 1,2021,2021-12-31,2,257235,2.332,1.05,3078836,1.364,1.579
647,Comuna 1,2021,2021-12-31,2,257235,2.332,1.05,3078836,1.364,1.579
648,Comuna 10,2021,2021-12-31,2,170677,0.586,0.527,3078836,1.364,1.579
649,Comuna 11,2021,2021-12-31,2,190105,2.104,0.473,3078836,1.364,1.579
650,Comuna 11,2021,2021-12-31,2,190105,2.104,0.473,3078836,1.364,1.579
651,Comuna 11,2021,2021-12-31,2,190105,2.104,0.473,3078836,1.364,1.579
652,Comuna 11,2021,2021-12-31,2,190105,2.104,0.473,3078836,1.364,1.579
653,Comuna 12,2021,2021-12-31,2,215002,1.395,1.674,3078836,1.364,1.579
654,Comuna 12,2021,2021-12-31,2,215002,1.395,1.674,3078836,1.364,1.579
655,Comuna 12,2021,2021-12-31,2,215002,1.395,1.674,3078836,1.364,1.579
656,Comuna 13,2021,2021-12-31,2,236468,0.846,1.903,3078836,1.364,1.579
657,Comuna 13,2021,2021-12-31,2,236468,0.846,1.903,3078836,1.364,1.579
658,Comuna 14,2021,2021-12-31,2,227168,0.44,1.189,3078836,1.364,1.579
659,Comuna 2,2021,2021-12-31,2,149371,2.008,0.603,3078836,1.364,1.579
660,Comuna 2,2021,2021-12-31,2,149371,2.008,0.603,3078836,1.364,1.579
661,Comuna 2,2021,2021-12-31,2,149371,2.008,0.603,3078836,1.364,1.579
662,Comuna 3,2021,2021-12-31,2,193425,2.585,1.396,3078836,1.364,1.579
663,Comuna 3,2021,2021-12-31,2,193425,2.585,1.396,3078836,1.364,1.579
664,Comuna 3,2021,2021-12-31,2,193425,2.585,1.396,3078836,1.364,1.579
665,Comuna 3,2021,2021-12-31,2,193425,2.585,1.396,3078836,1.364,1.579
666,Comuna 3,2021,2021-12-31,2,193425,2.585,1.396,3078836,1.364,1.579
667,Comuna 4,2021,2021-12-31,2,240437,1.664,2.995,3078836,1.364,1.579
668,Comuna 4,2021,2021-12-31,2,240437,1.664,2.995,3078836,1.364,1.579
669,Comuna 4,2021,2021-12-31,2,240437,1.664,2.995,3078836,1.364,1.579
670,Comuna 4,2021,2021-12-31,2,240437,1.664,2.995,3078836,1.364,1.579
671,Comuna 5,2021,2021-12-31,2,187670,0.533,1.439,3078836,1.364,1.579
672,Comuna 6,2021,2021-12-31,2,185620,2.155,0.485,3078836,1.364,1.579
673,Comuna 6,2021,2021-12-31,2,185620,2.155,0.485,3078836,1.364,1.579
674,Comuna 6,2021,2021-12-31,2,185620,2.155,0.485,3078836,1.364,1.579
675,Comuna 6,2021,2021-12-31,2,185620,2.155,0.485,3078836,1.364,1.579
676,Comuna 7,2021,2021-12-31,2,242188,1.239,1.115,3078836,1.364,1.579
677,Comuna 7,2021,2021-12-31,2,242188,1.239,1.115,3078836,1.364,1.579
678,Comuna 7,2021,2021-12-31,2,242188,1.239,1.115,3078836,1.364,1.579
679,Comuna 8,2021,2021-12-31,2,229541,0.436,2.353,3078836,1.364,1.579
680,Comuna 9,2021,2021-12-31,2,171444,2.333,3.675,3078836,1.364,1.579
681,Comuna 9,2021,2021-12-31,2,171444,2.333,3.675,3078836,1.364,1.579
682,Comuna 9,2021,2021-12-31,2,171444,2.333,3.675,3078836,1.364,1.579
683,Comuna 9,2021,2021-12-31,2,171444,2.333,3.675,3078836,1.364,1.579
